"supplier","description","quantity","unit","bom_type","receipt_status","unit_price_eur","notes"
"TME","MCP6022-I/P","2","pcs","AS_PURCHASED","RECEIVED",,"Ricevuto completo 2026-09-25; non AS BUILT; ricezione non implica validazione funzionale"
"TME","1N4148-DIO","10","pcs","AS_PURCHASED","RECEIVED",,"Ricevuto completo 2026-09-25; non AS BUILT; ricezione non implica validazione funzionale"
"TME","10 Ω metal film 1%","10","pcs","AS_PURCHASED","RECEIVED",,"Ricevuto completo 2026-09-25; non AS BUILT; ricezione non implica validazione funzionale"
"TME","47 Ω metal film 1%","10","pcs","AS_PURCHASED","RECEIVED",,"Ricevuto completo 2026-09-25; non AS BUILT; ricezione non implica validazione funzionale"
"TME","100 Ω metal film 1%","10","pcs","AS_PURCHASED","RECEIVED",,"Ricevuto completo 2026-09-25; non AS BUILT; ricezione non implica validazione funzionale"
"TME","1 kΩ metal film 1%","10","pcs","AS_PURCHASED","RECEIVED",,"Ricevuto completo 2026-09-25; non AS BUILT; ricezione non implica validazione funzionale; Vishay P/N MBB02070C1001FCT00; campione 0.998 kΩ PASS"
"TME","4.7 kΩ metal film 1%","10","pcs","AS_PURCHASED","RECEIVED",,"Ricevuto completo 2026-09-25; non AS BUILT; ricezione non implica validazione funzionale"
"TME","10 kΩ metal film 1%","10","pcs","AS_PURCHASED","RECEIVED",,"Ricevuto completo 2026-09-25; non AS BUILT; ricezione non implica validazione funzionale"
"TME","33 kΩ metal film 1%","10","pcs","AS_PURCHASED","RECEIVED",,"Ricevuto completo 2026-09-25; non AS BUILT; ricezione non implica validazione funzionale"
"TME","100 kΩ metal film 1%","10","pcs","AS_PURCHASED","RECEIVED",,"Ricevuto completo 2026-09-25; non AS BUILT; ricezione non implica validazione funzionale; Yageo; TME MF0207FTE-100K; manufacturer P/N MF0207FTE52-100K; campione 99.1 kΩ PASS"
"TME","220 kΩ metal film 1%","10","pcs","AS_PURCHASED","RECEIVED",,"Ricevuto completo 2026-09-25; non AS BUILT; ricezione non implica validazione funzionale"
"TME","4.7 MΩ metal film 1%","10","pcs","AS_PURCHASED","RECEIVED",,"Ricevuto completo 2026-09-25; non AS BUILT; ricezione non implica validazione funzionale; Vishay P/N MBA02040C4704FCT00; campione 4.703 MΩ PASS"
"TME","100 pF C0G/NP0 THT","10","pcs","AS_PURCHASED","RECEIVED",,"Ricevuto completo 2026-09-25; non AS BUILT; ricezione non implica validazione funzionale"
"TME","1 nF C0G/NP0 THT","10","pcs","AS_PURCHASED","RECEIVED",,"Ricevuto completo 2026-09-25; non AS BUILT; ricezione non implica validazione funzionale"
"TME","10 nF C0G/NP0 THT","10","pcs","AS_PURCHASED","RECEIVED",,"Ricevuto completo 2026-09-25; non AS BUILT; ricezione non implica validazione funzionale"
"TME","100 nF X7R THT","10","pcs","AS_PURCHASED","RECEIVED",,"Ricevuto completo 2026-09-25; non AS BUILT; ricezione non implica validazione funzionale"
"TME","1 µF film THT 63 V","3","pcs","AS_PURCHASED","RECEIVED",,"Ricevuto completo 2026-09-25; non AS BUILT; ricezione non implica validazione funzionale"
"TME","10 µF / 25 V electrolytic","5","pcs","AS_PURCHASED","RECEIVED",,"Ricevuto completo 2026-09-25; non AS BUILT; ricezione non implica validazione funzionale"
"TME","100 µF / 25 V electrolytic","10","pcs","AS_PURCHASED","RECEIVED",,"Ricevuto completo 2026-09-25; non AS BUILT; ricezione non implica validazione funzionale"
"TME","precision DIP-8 socket","10","pcs","AS_PURCHASED","RECEIVED",,"Ricevuto completo 2026-09-25; non AS BUILT; ricezione non implica validazione funzionale"
"TME","HELU 400189 RG174/U","2","m","AS_PURCHASED","RECEIVED",,"Ricevuto completo 2026-09-25; non AS BUILT; ricezione non implica validazione funzionale"
"TME","male header 1×40 2.54 mm","5","pcs","AS_PURCHASED","RECEIVED",,"Ricevuto completo 2026-09-25; non AS BUILT; ricezione non implica validazione funzionale"
"TME","female header 1×40 2.54 mm","5","pcs","AS_PURCHASED","RECEIVED",,"Ricevuto completo 2026-09-25; non AS BUILT; ricezione non implica validazione funzionale"
"TME","jumper/shunt 2.54 mm","10","pcs","AS_PURCHASED","RECEIVED",,"Ricevuto completo 2026-09-25; non AS BUILT; ricezione non implica validazione funzionale"
"AliExpress","WeAct Studio STM32G431 Core Board","1","pcs","AS_PURCHASED","RECEIVED",,"Ricevuto completo 2026-09-25; non AS BUILT; ricezione non implica validazione funzionale"
"AliExpress","PCM1808 breakout","2","pcs","AS_PURCHASED","RECEIVED",,"Ricevuto completo 2026-09-25; non AS BUILT; ricezione non implica validazione funzionale"
"AliExpress","DS3231 ZS-042/equivalent","2","pcs","AS_PURCHASED","RECEIVED",,"Ricevuto completo 2026-09-25; non AS BUILT; ricezione non implica validazione funzionale; Ricevuti HW-084 / DS3231SN con AT24C32; circuito carica presente; non inserire CR2032 non ricaricabile"
"AliExpress","wired passive piezo disc 27 mm","10","pcs","AS_PURCHASED","RECEIVED",,"Ricevuto completo 2026-09-25; non AS BUILT; ricezione non implica validazione funzionale"
"AliExpress","active XO 24.576 MHz","2","pcs","AS_PURCHASED","RECEIVED",,"Ricevuto completo 2026-09-25; non AS BUILT; ricezione non implica validazione funzionale; Marcatura 24.5760 MHz; metal can 4 pin DIP-14 geometry; pinout e supply non verificati; NON ALIMENTARE"
